{
  "hash": "9ed0a71b",
  "configHash": "51f3d6d9",
  "lockfileHash": "84668de3",
  "browserHash": "6bc156fe",
  "optimized": {
    "@angular/common": {
      "src": "../../../../../node_modules/@angular/common/fesm2022/common.mjs",
      "file": "@angular_common.js",
      "fileHash": "62167132",
      "needsInterop": false
    },
    "@angular/common/http": {
      "src": "../../../../../node_modules/@angular/common/fesm2022/http.mjs",
      "file": "@angular_common_http.js",
      "fileHash": "79fb49b4",
      "needsInterop": false
    },
    "@angular/core": {
      "src": "../../../../../node_modules/@angular/core/fesm2022/core.mjs",
      "file": "@angular_core.js",
      "fileHash": "4fa6be36",
      "needsInterop": false
    },
    "@angular/forms": {
      "src": "../../../../../node_modules/@angular/forms/fesm2022/forms.mjs",
      "file": "@angular_forms.js",
      "fileHash": "58485c1a",
      "needsInterop": false
    },
    "@angular/platform-browser": {
      "src": "../../../../../node_modules/@angular/platform-browser/fesm2022/platform-browser.mjs",
      "file": "@angular_platform-browser.js",
      "fileHash": "4fb28012",
      "needsInterop": false
    },
    "@angular/platform-browser/animations": {
      "src": "../../../../../node_modules/@angular/platform-browser/fesm2022/animations.mjs",
      "file": "@angular_platform-browser_animations.js",
      "fileHash": "111e687f",
      "needsInterop": false
    },
    "@angular/router": {
      "src": "../../../../../node_modules/@angular/router/fesm2022/router.mjs",
      "file": "@angular_router.js",
      "fileHash": "39c7fc66",
      "needsInterop": false
    },
    "rxjs": {
      "src": "../../../../../node_modules/rxjs/dist/esm5/index.js",
      "file": "rxjs.js",
      "fileHash": "4bb0aab3",
      "needsInterop": false
    },
    "rxjs/operators": {
      "src": "../../../../../node_modules/rxjs/dist/esm5/operators/index.js",
      "file": "rxjs_operators.js",
      "fileHash": "253e7014",
      "needsInterop": false
    }
  },
  "chunks": {
    "chunk-PGVWRMB3": {
      "file": "chunk-PGVWRMB3.js"
    },
    "chunk-E2IFSKDZ": {
      "file": "chunk-E2IFSKDZ.js"
    },
    "chunk-MAJRWKFY": {
      "file": "chunk-MAJRWKFY.js"
    },
    "chunk-FW47V2CD": {
      "file": "chunk-FW47V2CD.js"
    },
    "chunk-JLRKWFAH": {
      "file": "chunk-JLRKWFAH.js"
    },
    "chunk-YEXK6WUG": {
      "file": "chunk-YEXK6WUG.js"
    },
    "chunk-6KPNVATA": {
      "file": "chunk-6KPNVATA.js"
    }
  }
}